nombreciudad;nombrepais;fonocontacto
Roma;Italia;433-666-975
Florencia;Italia;433-666-975
París;Francia;133-154-268
Chantilly;Francia;133-154-268
Nancy;Francia;133-154-268
Bruselas;Bélgica;758-382-381
Antwerp;Bélgica;758-382-381
Dresde;Alemania;199-786-913
Westminster;Inglaterra;129-666-539
Milán;Italia;433-666-975
